,sensor_id,pm25,coverage_percent,minimum,maximum,average,original_observation,hour,day_of_week,day_of_month,month,day_of_year,week_of_year,is_weekend,hour_sin,hour_cos,dow_sin,dow_cos,pm25_lag_1h,pm25_lag_3h,pm25_lag_6h,pm25_lag_12h,pm25_lag_24h,pm25_lag_48h,pm25_lag_72h,pm25_rolling_mean_3h,pm25_rolling_std_3h,pm25_rolling_min_3h,pm25_rolling_max_3h,pm25_rolling_mean_6h,pm25_rolling_std_6h,pm25_rolling_min_6h,pm25_rolling_max_6h,pm25_rolling_mean_12h,pm25_rolling_std_12h,pm25_rolling_min_12h,pm25_rolling_max_12h,pm25_rolling_mean_24h,pm25_rolling_std_24h,pm25_rolling_min_24h,pm25_rolling_max_24h,pm25_rolling_mean_72h,pm25_rolling_std_72h,pm25_rolling_min_72h,pm25_rolling_max_72h
sensor_id,,,,,,,,,,,,,,,,,,,,,,,,,,,,,,,,,,,,,,,,,,,,,
pm25,,1.0,,0.9999977335210886,0.9999977335210886,0.9999977335210886,0.026859649087948745,-0.004434996423758367,0.0013455512215322562,0.03752568154460828,0.017104655358099376,0.024825169577198963,0.02550504952532263,0.01090731229710126,-0.0274317980502626,0.1574257735522455,0.004736765528978444,0.012781467727924822,0.9536282264412057,0.8398417853717269,0.7106159785030435,0.5562686209606468,0.7733073335158307,0.6941067696324543,0.6573921774768011,0.9160802850105293,0.609356408319712,0.9079533138854874,0.9043215181511434,0.8668426205780883,0.6613871743934149,0.8467859355472078,0.8532345984025231,0.79337427057436,0.6745349724866289,0.7613508940128952,0.7829322093818768,0.8149437989052248,0.674223865691473,0.7574463639650265,0.7586807767033563,0.7552178673016421,0.6535726938224949,0.6837081917163339,0.667864080850821
coverage_percent,,,,,,,,,,,,,,,,,,,,,,,,,,,,,,,,,,,,,,,,,,,,,
minimum,,0.9999977335210886,,1.0,1.0,1.0,,-0.00260607075991408,0.004977503352862512,0.04018552983611,0.016140615698969726,0.024156493434082254,0.02474479194390717,0.015058822186080621,-0.027930419777273587,0.15801846851048312,0.002299481582284202,0.014100326570006871,0.9533300221459079,0.8419000974394671,0.7119319126666609,0.5618312153091579,0.7729237584979431,0.6933759413728181,0.6556465076351602,0.9162448546033795,0.6175826799897263,0.907466572094624,0.9059525102640291,0.8676207318461473,0.6665385454275636,0.8460095521276476,0.8560850338283811,0.7955198693285622,0.6784225724298639,0.7610787509100411,0.7869022917775854,0.8180501346478912,0.6760800082209971,0.7577684501836578,0.7616789439846041,0.758112484009356,0.653882229393377,0.6839506711010865,0.6682318715729694
maximum,,0.9999977335210886,,1.0,1.0,1.0,,-0.00260607075991408,0.004977503352862512,0.04018552983611,0.016140615698969726,0.024156493434082254,0.02474479194390717,0.015058822186080621,-0.027930419777273587,0.15801846851048312,0.002299481582284202,0.014100326570006871,0.9533300221459079,0.8419000974394671,0.7119319126666609,0.5618312153091579,0.7729237584979431,0.6933759413728181,0.6556465076351602,0.9162448546033795,0.6175826799897263,0.907466572094624,0.9059525102640291,0.8676207318461473,0.6665385454275636,0.8460095521276476,0.8560850338283811,0.7955198693285622,0.6784225724298639,0.7610787509100411,0.7869022917775854,0.8180501346478912,0.6760800082209971,0.7577684501836578,0.7616789439846041,0.758112484009356,0.653882229393377,0.6839506711010865,0.6682318715729694
average,,0.9999977335210886,,1.0,1.0,1.0,,-0.00260607075991408,0.004977503352862512,0.04018552983611,0.016140615698969726,0.024156493434082254,0.02474479194390717,0.015058822186080621,-0.027930419777273587,0.15801846851048312,0.002299481582284202,0.014100326570006871,0.9533300221459079,0.8419000974394671,0.7119319126666609,0.5618312153091579,0.7729237584979431,0.6933759413728181,0.6556465076351602,0.9162448546033795,0.6175826799897263,0.907466572094624,0.9059525102640291,0.8676207318461473,0.6665385454275636,0.8460095521276476,0.8560850338283811,0.7955198693285622,0.6784225724298639,0.7610787509100411,0.7869022917775854,0.8180501346478912,0.6760800082209971,0.7577684501836578,0.7616789439846041,0.758112484009356,0.653882229393377,0.6839506711010865,0.6682318715729694
original_observation,,0.026859649087948745,,,,,1.0,0.0019401846819740943,-0.01834640091829683,-0.0698007870105689,-0.0599764589006981,-0.06724445620901523,-0.06660625439700593,-0.051523045042266284,-0.04496342268218588,0.012303518436931714,0.021969418606741797,-0.06758677584136946,0.025317283440855404,0.006526195939148119,-0.014989239759394424,-0.013461700699424477,0.0011791085121390522,0.018426968542883726,0.03107819990501626,0.018971755977653444,-0.011818710524590716,0.02292464094014988,0.012778706264687944,0.004453637577617292,-0.03247351679672394,0.01724639651197179,-0.008386096984651904,-0.008228320644497533,-0.025219311198628108,0.01583294428066406,-0.015584322820105433,-0.003009237247617898,-0.011438146967791534,0.006720261742828935,-0.009852019497612727,-0.011786623718464066,-0.0013919439579968306,0.005987309431481306,-0.0009309615315994577
hour,,-0.004434996423758367,,-0.00260607075991408,-0.00260607075991408,-0.00260607075991408,0.0019401846819740943,1.0,0.008150691106379669,-0.0013257118631847203,0.0008664944913496063,0.0007912850647252238,0.0006071540187395714,0.013933252890441975,-0.7759410764914874,-0.10108092640341604,-0.0011319970648468456,0.004355727085727655,-0.025369052936886828,-0.06372022482647129,-0.11801116311103334,-0.015644065224182414,-0.005746309315124808,-0.005826312009478802,-0.0026868536255623284,-0.044995303470191234,-0.05007087929259514,-0.04032211896017526,-0.0484537301495574,-0.07554578389987363,-0.03868944812669494,-0.0831436627628159,-0.06852478883769078,-0.09333154480117699,-0.022522060482387887,-0.08866264931174725,-0.05833600478953639,0.003072618272507421,-0.005220390398024537,0.004759340123577773,-0.0006893831222073156,0.006812045827041931,0.0014850161253057387,0.014442247180421329,-0.000315931621511601
day_of_week,,0.0013455512215322562,,0.004977503352862512,0.004977503352862512,0.004977503352862512,-0.01834640091829683,0.008150691106379669,1.0,-0.02346836237426755,0.0023036013544652256,2.923704928810093e-05,-0.022592186165313975,0.7936252184154616,-0.003913500749703454,-0.0022933272388862484,-0.731548433450745,-0.33785678016444204,0.0012750411246526979,0.004861322900838825,0.008148796222663237,0.0033282025471898244,-0.011526460523450955,-0.029978956414376597,-0.022679198637320267,0.0040086757275975445,-0.014306110526532412,0.006716520377171827,2.5026948358715133e-05,0.007626414146762362,-0.0018348217404898703,0.0068784234597825695,0.004167068399278181,0.010316847786351812,0.013873052261414933,-0.00261610356544299,0.009124852009198952,0.011647336354057788,0.021545039206047226,-0.0038312163072721306,0.01695274990041482,0.015663778064784355,0.026317235601935624,0.019286602099540247,0.024119416359589824
day_of_month,,0.03752568154460828,,0.04018552983611,0.04018552983611,0.04018552983611,-0.0698007870105689,-0.0013257118631847203,-0.02346836237426755,1.0,-0.02908613308998329,0.07313000939989878,0.07339323618072488,-0.0147313695011953,-0.0002879759838280022,0.0021950029701831597,-0.005395588835222234,0.002428872404704383,0.03545355385820511,0.030865829920327006,0.0257916781298044,0.013384184910233205,0.00025699613552051555,-0.015238998888355476,-0.024351359469489183,0.034077147798194374,0.03512029837328137,0.031057123729155485,0.03613702838523218,0.03204159813164035,0.0314309697063836,0.0301408194318553,0.035577230415241114,0.028881554555723242,0.017289371907173123,0.03435016450253575,0.029129610172286432,0.021723443236589313,-0.001077617211944177,0.043722889491008374,0.013722239002226981,-0.017162547365467743,0.007622129771847268,-0.01497857553716848,0.0009549947792031852
month,,0.017104655358099376,,0.016140615698969726,0.016140615698969726,0.016140615698969726,-0.0599764589006981,0.0008664944913496063,0.0023036013544652256,-0.02908613308998329,1.0,0.9947428124786988,0.99445530708848,0.00601631429508105,-0.004540910113985858,0.0039536058106033525,0.003599455451984613,0.011237404876816235,0.016470995911141702,0.01445744221922169,0.008275865956520773,-0.00355620576373283,-0.025120582849530722,-0.05625392724072877,-0.09767307451245806,0.01599603019547096,0.04537219775452858,0.007925087428499863,0.022212988772879742,0.013635785439195018,0.04049502811885394,0.0013870374682404985,0.021357194416582154,0.0067245285568085815,0.012194332538133078,-0.0036197618763421442,0.005654349834511015,-0.017995775201643364,-0.040599866746282354,-0.029024542713552003,-0.045655239938522336,-0.14486648723809267,-0.2217480040679391,-0.20259748033302485,-0.2778825554056648
day_of_year,,0.024825169577198963,,0.024156493434082254,0.024156493434082254,0.024156493434082254,-0.06724445620901523,0.0007912850647252238,2.923704928810093e-05,0.07313000939989878,0.9947428124786988,1.0,0.9997350756928357,0.004767077134962749,-0.004643785341588637,0.004153238190806795,0.002825773378224089,0.011640348276756328,0.02398904138372991,0.02153031403239725,0.014863570135581134,0.0018176796282643442,-0.020976592737153455,-0.05344038758987497,-0.09546534944219204,0.023483901776749094,0.05170203002579564,0.015051239286104462,0.029876026114297453,0.021071507665942076,0.04709133243066744,0.008440504348496873,0.02914627671904017,0.014123844289383023,0.01805075638997458,0.0039146104824730795,0.013134294885985786,-0.010928621340043706,-0.03608557868316874,-0.020275603655944663,-0.039337712533882484,-0.1408957081774525,-0.2147667301579647,-0.19871749482154694,-0.2713294161468249
week_of_year,,0.02550504952532263,,0.02474479194390717,0.02474479194390717,0.02474479194390717,-0.06660625439700593,0.0006071540187395714,-0.022592186165313975,0.07339323618072488,0.99445530708848,0.9997350756928357,1.0,-0.013169263394814917,-0.0045518440333814575,0.0041829837983885535,0.01938756491549525,0.0192963524082357,0.024668639019935285,0.02212705945908785,0.015386679723734633,0.0024571328265741038,-0.019991514675565987,-0.052046681700310855,-0.09425737579005065,0.02411434011153732,0.052331603913120965,0.01565370884521843,0.03055155015878732,0.02163964105537691,0.047472473709967114,0.009083894778320754,0.029693592365784092,0.01466525366898991,0.01809700326405025,0.004830371952217897,0.013521475080499796,-0.010377394621956741,-0.03617590262644949,-0.01941265322753108,-0.03916425948492704,-0.14053719566741632,-0.2151194378375921,-0.1990442543677051,-0.27169342794608875
is_weekend,,0.01090731229710126,,0.015058822186080621,0.015058822186080621,0.015058822186080621,-0.051523045042266284,0.013933252890441975,0.7936252184154616,-0.0147313695011953,0.00601631429508105,0.004767077134962749,-0.013169263394814917,1.0,-0.01076823112775821,-0.004274515001631683,-0.7881547705118552,0.19187588143170237,0.009928779353585458,0.009140183241474583,0.009080192803222491,0.007909383741057027,0.0034423128631509213,-0.0390658675740188,-0.0207441676956065,0.010801017288856591,-0.008004180064539755,0.014398942426294225,0.007882288053436765,0.012502853490683613,-0.0011771278007409716,0.01570329961191682,0.010780076123095216,0.013351638135335549,0.00394712517075526,0.009712985279130774,0.011835078458309205,0.015489511056615234,0.004327533414783404,0.005307374582817651,0.012249308848678461,0.01056650684828445,-0.0038692102892720548,0.012617134566005083,0.007057380940869439
hour_sin,,-0.0274317980502626,,-0.027930419777273587,-0.027930419777273587,-0.027930419777273587,-0.04496342268218588,-0.7759410764914874,-0.003913500749703454,-0.0002879759838280022,-0.004540910113985858,-0.004643785341588637,-0.0045518440333814575,-0.01076823112775821,1.0,0.0009915898249268898,-0.00011765858948833276,-0.006336323083729217,0.014341010773101954,0.09258099889627679,0.1588283823476764,0.02710109902315726,-0.025684670288501445,-0.027877932228955696,-0.031147407642870172,0.054596996254450206,0.08891177040618485,0.04175847588520935,0.06397654298979276,0.10331031651651383,0.09790305601723603,0.08892998685446145,0.1056024279532038,0.11887326965385804,0.03327689621247383,0.10998322972661818,0.07730107299982114,-0.005762371185226527,0.003328704523843215,-0.008740888662188485,-0.001184170313432737,-0.011729486632512418,-0.004331835348894774,-0.02281288927344658,-0.0034019374612626677
hour_cos,,0.1574257735522455,,0.15801846851048312,0.15801846851048312,0.15801846851048312,0.012303518436931714,-0.10108092640341604,-0.0022933272388862484,0.0021950029701831597,0.0039536058106033525,0.004153238190806795,0.0041829837983885535,-0.004274515001631683,0.0009915898249268898,1.0,0.0034618918295031427,-0.0027461189738290084,0.15868406812561625,0.12943106060239792,0.025476650280547294,-0.16078830006414732,0.1518474113470177,0.15101238858456412,0.15872756033911503,0.1495419709520743,0.0681509966234283,0.15415287521636153,0.14025493159423644,0.1128992762704305,0.01924954151026913,0.1282299101050027,0.08360520288905536,0.004548522408719324,-0.03865448825874932,0.028064217887415838,-0.02113474935388869,-0.004854654441183356,0.008583514723701753,0.0019633588916689376,0.004888672082957316,-0.008836303445453109,-0.007254187459870704,-0.0003513808747143176,-0.0032869249857084035
dow_sin,,0.004736765528978444,,0.002299481582284202,0.002299481582284202,0.002299481582284202,0.021969418606741797,-0.0011319970648468456,-0.731548433450745,-0.005395588835222234,0.003599455451984613,0.002825773378224089,0.01938756491549525,-0.7881547705118552,-0.00011765858948833276,0.0034618918295031427,1.0,-0.019691965354895313,0.005426688815633466,0.004347796922343632,0.00268477852091134,0.005647502289392094,0.015300121860458763,0.034043753170331155,0.028629711882431474,0.004364996516838512,0.031150793076025425,-0.00223677647767143,0.00961052164152788,0.00352203371456805,0.03750571565251685,-0.008646505896188797,0.013379117999134917,0.0019195210530496935,0.04166785537840001,-0.01331206255422306,0.018449835389579262,0.0031271275922929447,0.0367301700535395,-0.003958216892169856,0.021945140555401487,-0.019887196728689778,-0.015631392252126376,-0.007883110754963363,-0.018303899930146385
dow_cos,,0.012781467727924822,,0.014100326570006871,0.014100326570006871,0.014100326570006871,-0.06758677584136946,0.004355727085727655,-0.33785678016444204,0.002428872404704383,0.011237404876816235,0.011640348276756328,0.0192963524082357,0.19187588143170237,-0.006336323083729217,-0.0027461189738290084,-0.019691965354895313,1.0,0.012542613991351126,0.01102581453006117,0.008097074109245966,0.01032345216415602,0.013434223927100841,-0.00010364236570840946,-0.0201268987889217,0.01180851324061315,0.0056412035023750565,0.01465841479238417,0.01281635177461828,0.01073263708618821,0.00409046813981131,0.016609447613743743,0.013655737680835984,0.008205596481916108,-0.00012419124513525653,0.013126294307040143,0.012035697059024006,0.00650672371317783,-0.01007463328324861,0.0008955241567422377,0.002889983617228643,-0.0170840331457602,-0.04109164313621989,-0.023284116071645204,-0.021239529288547176
pm25_lag_1h,,0.9536282264412057,,0.9533300221459079,0.9533300221459079,0.9533300221459079,0.025317283440855404,-0.025369052936886828,0.0012750411246526979,0.03545355385820511,0.016470995911141702,0.02398904138372991,0.024668639019935285,0.009928779353585458,0.014341010773101954,0.15868406812561625,0.005426688815633466,0.012542613991351126,1.0,0.8933109534379128,0.7464374915193506,0.5663471691195001,0.7779651140854255,0.6869254744945323,0.6566674468973256,0.9707495003653176,0.6536401420847223,0.9599542224218277,0.9591618495276811,0.9179746881031564,0.7067214505761013,0.88890246016151,0.9036063559152854,0.8346343698294183,0.7077161036882513,0.7964425021007626,0.8224194641937503,0.8259968015426069,0.691541189119936,0.7634027460597753,0.7753982421381297,0.7611072527068048,0.66255659073746,0.6872578963325467,0.6796390852735379
pm25_lag_3h,,0.8398417853717269,,0.8419000974394671,0.8419000974394671,0.8419000974394671,0.006526195939148119,-0.06372022482647129,0.004861322900838825,0.030865829920327006,0.01445744221922169,0.02153031403239725,0.02212705945908785,0.009140183241474583,0.09258099889627679,0.12943106060239792,0.004347796922343632,0.01102581453006117,0.8933109534379128,1.0,0.8404871667053612,0.6067649135503737,0.7361062193824534,0.648618164029836,0.6123205193068534,0.9707234926491825,0.6835160638376856,0.9529616469471971,0.9649789756023687,0.9727394658849061,0.7270440369212048,0.9244921214657055,0.9370304856665196,0.8989965817794338,0.7385784572076541,0.8296852579828202,0.860963727951316,0.8402772178509289,0.7099750903064133,0.7674178976225385,0.788567429854141,0.7683374322809348,0.6722750815507017,0.6885326244871397,0.6902369526770371
pm25_lag_6h,,0.7106159785030435,,0.7119319126666609,0.7119319126666609,0.7119319126666609,-0.014989239759394424,-0.11801116311103334,0.008148796222663237,0.0257916781298044,0.008275865956520773,0.014863570135581134,0.015386679723734633,0.009080192803222491,0.1588283823476764,0.025476650280547294,0.00268477852091134,0.008097074109245966,0.7464374915193506,0.8404871667053612,1.0,0.7086292415224155,0.6472619788009963,0.5746858442219951,0.527307005508919,0.8103103636744642,0.5376105783286855,0.8052507500873526,0.8004591315400568,0.9178602509609982,0.71452153696245,0.8897746024150421,0.9081999381110316,0.9410674361529954,0.7478065344762599,0.8431417020835733,0.8835676053456718,0.8507736875822577,0.7189054600967356,0.7630888148012621,0.7956395358443266,0.775092393709144,0.6788962105894023,0.6858231073324712,0.6965228035973844
pm25_lag_12h,,0.5562686209606468,,0.5618312153091579,0.5618312153091579,0.5618312153091579,-0.013461700699424477,-0.015644065224182414,0.0033282025471898244,0.013384184910233205,-0.00355620576373283,0.0018176796282643442,0.0024571328265741038,0.007909383741057027,0.02710109902315726,-0.16078830006414732,0.005647502289392094,0.01032345216415602,0.5663471691195001,0.6067649135503737,0.7086292415224155,1.0,0.5508715036893295,0.4809611481198485,0.43772752453931124,0.5989196602767194,0.41180642742566653,0.5913269168775463,0.5941980803141731,0.6622472156047442,0.535286150968485,0.6403235907112187,0.6614384076670988,0.8326532889097977,0.7119596479381954,0.7758311049557526,0.8273653702217452,0.8601925670332037,0.7279265963120158,0.7592968044795929,0.8074754427536692,0.7929695202253919,0.6876652566338173,0.6890641739751844,0.7051202529252732
pm25_lag_24h,,0.7733073335158307,,0.7729237584979431,0.7729237584979431,0.7729237584979431,0.0011791085121390522,-0.005746309315124808,-0.011526460523450955,0.00025699613552051555,-0.025120582849530722,-0.020976592737153455,-0.019991514675565987,0.0034423128631509213,-0.025684670288501445,0.1518474113470177,0.015300121860458763,0.013434223927100841,0.7779651140854255,0.7361062193824534,0.6472619788009963,0.5508715036893295,1.0,0.7674677142931934,0.6801205250711813,0.7757502888739344,0.48698338570096394,0.7763302513370602,0.760235802488853,0.7570133580620519,0.5461075650215281,0.7483971622594339,0.7309618117703668,0.7190977911197183,0.589285488550262,0.6958409168346434,0.693947037659822,0.8217650446347647,0.721442033185485,0.7464488904384556,0.7909120945306785,0.8092525588160339,0.7037165311476424,0.6894000422614347,0.7182134049989722
pm25_lag_48h,,0.6941067696324543,,0.6933759413728181,0.6933759413728181,0.6933759413728181,0.018426968542883726,-0.005826312009478802,-0.029978956414376597,-0.015238998888355476,-0.05625392724072877,-0.05344038758987497,-0.052046681700310855,-0.0390658675740188,-0.027877932228955696,0.15101238858456412,0.034043753170331155,-0.00010364236570840946,0.6869254744945323,0.648618164029836,0.5746858442219951,0.4809611481198485,0.7674677142931934,1.0,0.7534259262655884,0.6830419725175385,0.40086065375329094,0.6901075928577939,0.6653288668115035,0.6666365725964437,0.44319652273189963,0.6763320028114815,0.6345083813262448,0.6350486420717523,0.5072017735577726,0.6224562285407714,0.6046474810445751,0.7029140786609239,0.5964784869953108,0.650558010319745,0.6521614673038738,0.8141113851568271,0.7232425748052437,0.7024010474633549,0.7468660716365819
pm25_lag_72h,,0.6573921774768011,,0.6556465076351602,0.6556465076351602,0.6556465076351602,0.03107819990501626,-0.0026868536255623284,-0.022679198637320267,-0.024351359469489183,-0.09767307451245806,-0.09546534944219204,-0.09425737579005065,-0.0207441676956065,-0.031147407642870172,0.15872756033911503,0.028629711882431474,-0.0201268987889217,0.6566674468973256,0.6123205193068534,0.527307005508919,0.43772752453931124,0.6801205250711813,0.7534259262655884,1.0,0.6502792821139985,0.37492512672305245,0.6596213747965617,0.6298893067576633,0.6295608602709585,0.41783015786397854,0.6383482046455412,0.5922449358970013,0.5934675936608784,0.4794264595953826,0.5922104795261293,0.5662772624104755,0.6486914996806087,0.5497365232970928,0.626891383118098,0.6034538857807837,0.7429761763738804,0.6876110734530917,0.6750480127864464,0.7167657489945608
pm25_rolling_mean_3h,,0.9160802850105293,,0.9162448546033795,0.9162448546033795,0.9162448546033795,0.018971755977653444,-0.044995303470191234,0.0040086757275975445,0.034077147798194374,0.01599603019547096,0.023483901776749094,0.02411434011153732,0.010801017288856591,0.054596996254450206,0.1495419709520743,0.004364996516838512,0.01180851324061315,0.9707495003653176,0.9707234926491825,0.8103103636744642,0.5989196602767194,0.7757502888739344,0.6830419725175385,0.6502792821139985,1.0,0.6848137016219473,0.9844203282493889,0.989080436623398,0.9701940312793254,0.7347330731711444,0.9304976791274443,0.9436698229212338,0.8879255199223385,0.7409709189118953,0.833710024227317,0.8621815591893278,0.8518697279735236,0.7169675723318705,0.7825220956151164,0.799876742299956,0.7822776379827253,0.6829246849453805,0.7037123470025691,0.7008887612172436
pm25_rolling_std_3h,,0.609356408319712,,0.6175826799897263,0.6175826799897263,0.6175826799897263,-0.011818710524590716,-0.05007087929259514,-0.014306110526532412,0.03512029837328137,0.04537219775452858,0.05170203002579564,0.052331603913120965,-0.008004180064539755,0.08891177040618485,0.0681509966234283,0.031150793076025425,0.0056412035023750565,0.6536401420847223,0.6835160638376856,0.5376105783286855,0.41180642742566653,0.48698338570096394,0.40086065375329094,0.37492512672305245,0.6848137016219473,1.0,0.5516429796215552,0.7813685262620609,0.6622897065842203,0.7715976352850837,0.5192401065145966,0.7357088369864861,0.6003863165751596,0.622668188279881,0.47716054666124824,0.6621160295415311,0.5591611627260288,0.5883398461291802,0.41846495563628855,0.6021786989738313,0.501604433601762,0.485957847336836,0.39872690959582124,0.4865654342014162
pm25_rolling_min_3h,,0.9079533138854874,,0.907466572094624,0.907466572094624,0.907466572094624,0.02292464094014988,-0.04032211896017526,0.006716520377171827,0.031057123729155485,0.007925087428499863,0.015051239286104462,0.01565370884521843,0.014398942426294225,0.04175847588520935,0.15415287521636153,-0.00223677647767143,0.01465841479238417,0.9599542224218277,0.9529616469471971,0.8052507500873526,0.5913269168775463,0.7763302513370602,0.6901075928577939,0.6596213747965617,0.9844203282493889,0.5516429796215552,1.0,0.9513489494086609,0.9573494791970765,0.6615111862457378,0.9465752888001167,0.9105235823146816,0.8779128076936794,0.7044989828077345,0.8445185461377,0.8344758214556615,0.8471269304663825,0.6853795116942119,0.8005591695720569,0.7777945532396313,0.7827857578832644,0.6715683031380352,0.7163550423340421,0.6927063010263584
pm25_rolling_max_3h,,0.9043215181511434,,0.9059525102640291,0.9059525102640291,0.9059525102640291,0.012778706264687944,-0.0484537301495574,2.5026948358715133e-05,0.03613702838523218,0.022212988772879742,0.029876026114297453,0.03055155015878732,0.007882288053436765,0.06397654298979276,0.14025493159423644,0.00961052164152788,0.01281635177461828,0.9591618495276811,0.9649789756023687,0.8004591315400568,0.5941980803141731,0.760235802488853,0.6653288668115035,0.6298893067576633,0.989080436623398,0.7813685262620609,0.9513489494086609,1.0,0.9602619695390343,0.7793350022526659,0.8992676791153718,0.9524184568940576,0.8779321589474669,0.7561969827943789,0.8077712275518268,0.868218121464209,0.8398530639805012,0.7284109747000901,0.7540568136736332,0.8031051378771198,0.7676704752740985,0.6788413180438556,0.6809674679080712,0.6949194719331792
pm25_rolling_mean_6h,,0.8668426205780883,,0.8676207318461473,0.8676207318461473,0.8676207318461473,0.004453637577617292,-0.07554578389987363,0.007626414146762362,0.03204159813164035,0.013635785439195018,0.021071507665942076,0.02163964105537691,0.012502853490683613,0.10331031651651383,0.1128992762704305,0.00352203371456805,0.01073263708618821,0.9179746881031564,0.9727394658849061,0.9178602509609982,0.6622472156047442,0.7570133580620519,0.6666365725964437,0.6295608602709585,0.9701940312793254,0.6622897065842203,0.9573494791970765,0.9602619695390343,1.0,0.7611751829518401,0.959052418030767,0.9745389578965866,0.9486153467447124,0.7757190113821111,0.871950328020523,0.9072930792457328,0.8852180787522433,0.7466920346273375,0.8060756571854549,0.829953793819056,0.8101765563893887,0.7085189962147896,0.7243342965593165,0.7273022264730175
pm25_rolling_std_6h,,0.6613871743934149,,0.6665385454275636,0.6665385454275636,0.6665385454275636,-0.03247351679672394,-0.03868944812669494,-0.0018348217404898703,0.0314309697063836,0.04049502811885394,0.04709133243066744,0.047472473709967114,-0.0011771278007409716,0.09790305601723603,0.01924954151026913,0.03750571565251685,0.00409046813981131,0.7067214505761013,0.7270440369212048,0.71452153696245,0.535286150968485,0.5461075650215281,0.44319652273189963,0.41783015786397854,0.7347330731711444,0.7715976352850837,0.6615111862457378,0.7793350022526659,0.7611751829518401,1.0,0.5663561758675392,0.8770172793710029,0.7262413039655204,0.818582826397876,0.5340402255442346,0.8083520911850411,0.6746839655541872,0.7262856677789138,0.49067996853196877,0.732858316516937,0.6136781278168584,0.5976558843896227,0.4850968514081693,0.5929396204306536
pm25_rolling_min_6h,,0.8467859355472078,,0.8460095521276476,0.8460095521276476,0.8460095521276476,0.01724639651197179,-0.0831436627628159,0.0068784234597825695,0.0301408194318553,0.0013870374682404985,0.008440504348496873,0.009083894778320754,0.01570329961191682,0.08892998685446145,0.1282299101050027,-0.008646505896188797,0.016609447613743743,0.88890246016151,0.9244921214657055,0.8897746024150421,0.6403235907112187,0.7483971622594339,0.6763320028114815,0.6383482046455412,0.9304976791274443,0.5192401065145966,0.9465752888001167,0.8992676791153718,0.959052418030767,0.5663561758675392,1.0,0.8897009615609563,0.9174576436065336,0.6567686955882307,0.9076498822506267,0.8340378080571621,0.8628369417337142,0.6603979280581946,0.8413038658134876,0.7678938503228121,0.7983038035662868,0.6718478349354521,0.744343278192542,0.6993798165612337
pm25_rolling_max_6h,,0.8532345984025231,,0.8560850338283811,0.8560850338283811,0.8560850338283811,-0.008386096984651904,-0.06852478883769078,0.004167068399278181,0.035577230415241114,0.021357194416582154,0.02914627671904017,0.029693592365784092,0.010780076123095216,0.1056024279532038,0.08360520288905536,0.013379117999134917,0.013655737680835984,0.9036063559152854,0.9370304856665196,0.9081999381110316,0.6614384076670988,0.7309618117703668,0.6345083813262448,0.5922449358970013,0.9436698229212338,0.7357088369864861,0.9105235823146816,0.9524184568940576,0.9745389578965866,0.8770172793710029,0.8897009615609563,1.0,0.9294540897833149,0.8303010767240573,0.8170051815677695,0.9283288958590132,0.8697251061216763,0.7805099024636756,0.7557436709072161,0.8474772165662765,0.7911660855681449,0.7108307364656474,0.689440563126578,0.7250524991233647
pm25_rolling_mean_12h,,0.79337427057436,,0.7955198693285622,0.7955198693285622,0.7955198693285622,-0.008228320644497533,-0.09333154480117699,0.010316847786351812,0.028881554555723242,0.0067245285568085815,0.014123844289383023,0.01466525366898991,0.013351638135335549,0.11887326965385804,0.004548522408719324,0.0019195210530496935,0.008205596481916108,0.8346343698294183,0.8989965817794338,0.9410674361529954,0.8326532889097977,0.7190977911197183,0.6350486420717523,0.5934675936608784,0.8879255199223385,0.6003863165751596,0.8779128076936794,0.8779321589474669,0.9486153467447124,0.7262413039655204,0.9174576436065336,0.9294540897833149,1.0,0.8154944881822914,0.9171447837363177,0.9571610511143126,0.9438766958999563,0.7962024078485246,0.8483493739356611,0.8839067034864546,0.8675887636662667,0.7569616691962822,0.7674007404580503,0.7767070979997897
pm25_rolling_std_12h,,0.6745349724866289,,0.6784225724298639,0.6784225724298639,0.6784225724298639,-0.025219311198628108,-0.022522060482387887,0.013873052261414933,0.017289371907173123,0.012194332538133078,0.01805075638997458,0.01809700326405025,0.00394712517075526,0.03327689621247383,-0.03865448825874932,0.04166785537840001,-0.00012419124513525653,0.7077161036882513,0.7385784572076541,0.7478065344762599,0.7119596479381954,0.589285488550262,0.5072017735577726,0.4794264595953826,0.7409709189118953,0.622668188279881,0.7044989828077345,0.7561969827943789,0.7757190113821111,0.818582826397876,0.6567686955882307,0.8303010767240573,0.8154944881822914,1.0,0.5621488028880326,0.9330324167957406,0.7959284776809359,0.8804270933363769,0.5582257545796313,0.8702527711305459,0.7323317859924969,0.7223954731192024,0.5693521876326681,0.7109176745270573
pm25_rolling_min_12h,,0.7613508940128952,,0.7610787509100411,0.7610787509100411,0.7610787509100411,0.01583294428066406,-0.08866264931174725,-0.00261610356544299,0.03435016450253575,-0.0036197618763421442,0.0039146104824730795,0.004830371952217897,0.009712985279130774,0.10998322972661818,0.028064217887415838,-0.01331206255422306,0.013126294307040143,0.7964425021007626,0.8296852579828202,0.8431417020835733,0.7758311049557526,0.6958409168346434,0.6224562285407714,0.5922104795261293,0.833710024227317,0.47716054666124824,0.8445185461377,0.8077712275518268,0.871950328020523,0.5340402255442346,0.9076498822506267,0.8170051815677695,0.9171447837363177,0.5621488028880326,1.0,0.8089022855861651,0.8796670429954455,0.6084156167979815,0.9139922248255012,0.754096008322246,0.8189502025390655,0.6594233199617172,0.801953318049844,0.7023272379760154
pm25_rolling_max_12h,,0.7829322093818768,,0.7869022917775854,0.7869022917775854,0.7869022917775854,-0.015584322820105433,-0.05833600478953639,0.009124852009198952,0.029129610172286432,0.005654349834511015,0.013134294885985786,0.013521475080499796,0.011835078458309205,0.07730107299982114,-0.02113474935388869,0.018449835389579262,0.012035697059024006,0.8224194641937503,0.860963727951316,0.8835676053456718,0.8273653702217452,0.693947037659822,0.6046474810445751,0.5662772624104755,0.8621815591893278,0.6621160295415311,0.8344758214556615,0.868218121464209,0.9072930792457328,0.8083520911850411,0.8340378080571621,0.9283288958590132,0.9571610511143126,0.9330324167957406,0.8089022855861651,1.0,0.9221662442065037,0.8709137950649136,0.7658800673976476,0.9264909857456893,0.8422387475768748,0.7726152457371027,0.7177381743519964,0.7849652579154053
pm25_rolling_mean_24h,,0.8149437989052248,,0.8180501346478912,0.8180501346478912,0.8180501346478912,-0.003009237247617898,0.003072618272507421,0.011647336354057788,0.021723443236589313,-0.017995775201643364,-0.010928621340043706,-0.010377394621956741,0.015489511056615234,-0.005762371185226527,-0.004854654441183356,0.0031271275922929447,0.00650672371317783,0.8259968015426069,0.8402772178509289,0.8507736875822577,0.8601925670332037,0.8217650446347647,0.7029140786609239,0.6486914996806087,0.8518697279735236,0.5591611627260288,0.8471269304663825,0.8398530639805012,0.8852180787522433,0.6746839655541872,0.8628369417337142,0.8697251061216763,0.9438766958999563,0.7959284776809359,0.8796670429954455,0.9221662442065037,1.0,0.8553285310577614,0.8922760909405423,0.943339038819983,0.939120589737215,0.8172212600300875,0.8167979568161282,0.8356236429779524
pm25_rolling_std_24h,,0.674223865691473,,0.6760800082209971,0.6760800082209971,0.6760800082209971,-0.011438146967791534,-0.005220390398024537,0.021545039206047226,-0.001077617211944177,-0.040599866746282354,-0.03608557868316874,-0.03617590262644949,0.004327533414783404,0.003328704523843215,0.008583514723701753,0.0367301700535395,-0.01007463328324861,0.691541189119936,0.7099750903064133,0.7189054600967356,0.7279265963120158,0.721442033185485,0.5964784869953108,0.5497365232970928,0.7169675723318705,0.5883398461291802,0.6853795116942119,0.7284109747000901,0.7466920346273375,0.7262856677789138,0.6603979280581946,0.7805099024636756,0.7962024078485246,0.8804270933363769,0.6084156167979815,0.8709137950649136,0.8553285310577614,1.0,0.573394304051312,0.9623065955611665,0.8056564053921876,0.822004990942445,0.6032145028803687,0.8009352885366268
pm25_rolling_min_24h,,0.7574463639650265,,0.7577684501836578,0.7577684501836578,0.7577684501836578,0.006720261742828935,0.004759340123577773,-0.0038312163072721306,0.043722889491008374,-0.029024542713552003,-0.020275603655944663,-0.01941265322753108,0.005307374582817651,-0.008740888662188485,0.0019633588916689376,-0.003958216892169856,0.0008955241567422377,0.7634027460597753,0.7674178976225385,0.7630888148012621,0.7592968044795929,0.7464488904384556,0.650558010319745,0.626891383118098,0.7825220956151164,0.41846495563628855,0.8005591695720569,0.7540568136736332,0.8060756571854549,0.49067996853196877,0.8413038658134876,0.7557436709072161,0.8483493739356611,0.5582257545796313,0.9139922248255012,0.7658800673976476,0.8922760909405423,0.573394304051312,1.0,0.7506172877307355,0.8469840753572618,0.6491388999925709,0.8806975309772276,0.711792114602766
pm25_rolling_max_24h,,0.7586807767033563,,0.7616789439846041,0.7616789439846041,0.7616789439846041,-0.009852019497612727,-0.0006893831222073156,0.01695274990041482,0.013722239002226981,-0.045655239938522336,-0.039337712533882484,-0.03916425948492704,0.012249308848678461,-0.001184170313432737,0.004888672082957316,0.021945140555401487,0.002889983617228643,0.7753982421381297,0.788567429854141,0.7956395358443266,0.8074754427536692,0.7909120945306785,0.6521614673038738,0.6034538857807837,0.799876742299956,0.6021786989738313,0.7777945532396313,0.8031051378771198,0.829953793819056,0.732858316516937,0.7678938503228121,0.8474772165662765,0.8839067034864546,0.8702527711305459,0.754096008322246,0.9264909857456893,0.943339038819983,0.9623065955611665,0.7506172877307355,1.0,0.8755073075276957,0.833873864131571,0.7231922270977347,0.8444045887006236
pm25_rolling_mean_72h,,0.7552178673016421,,0.758112484009356,0.758112484009356,0.758112484009356,-0.011786623718464066,0.006812045827041931,0.015663778064784355,-0.017162547365467743,-0.14486648723809267,-0.1408957081774525,-0.14053719566741632,0.01056650684828445,-0.011729486632512418,-0.008836303445453109,-0.019887196728689778,-0.0170840331457602,0.7611072527068048,0.7683374322809348,0.775092393709144,0.7929695202253919,0.8092525588160339,0.8141113851568271,0.7429761763738804,0.7822776379827253,0.501604433601762,0.7827857578832644,0.7676704752740985,0.8101765563893887,0.6136781278168584,0.7983038035662868,0.7911660855681449,0.8675887636662667,0.7323317859924969,0.8189502025390655,0.8422387475768748,0.939120589737215,0.8056564053921876,0.8469840753572618,0.8755073075276957,1.0,0.8869639377673615,0.8647212662298268,0.9113565801638907
pm25_rolling_std_72h,,0.6535726938224949,,0.653882229393377,0.653882229393377,0.653882229393377,-0.0013919439579968306,0.0014850161253057387,0.026317235601935624,0.007622129771847268,-0.2217480040679391,-0.2147667301579647,-0.2151194378375921,-0.0038692102892720548,-0.004331835348894774,-0.007254187459870704,-0.015631392252126376,-0.04109164313621989,0.66255659073746,0.6722750815507017,0.6788962105894023,0.6876652566338173,0.7037165311476424,0.7232425748052437,0.6876110734530917,0.6829246849453805,0.485957847336836,0.6715683031380352,0.6788413180438556,0.7085189962147896,0.5976558843896227,0.6718478349354521,0.7108307364656474,0.7569616691962822,0.7223954731192024,0.6594233199617172,0.7726152457371027,0.8172212600300875,0.822004990942445,0.6491388999925709,0.833873864131571,0.8869639377673615,1.0,0.6540258371268002,0.9690358693396846
pm25_rolling_min_72h,,0.6837081917163339,,0.6839506711010865,0.6839506711010865,0.6839506711010865,0.005987309431481306,0.014442247180421329,0.019286602099540247,-0.01497857553716848,-0.20259748033302485,-0.19871749482154694,-0.1990442543677051,0.012617134566005083,-0.02281288927344658,-0.0003513808747143176,-0.007883110754963363,-0.023284116071645204,0.6872578963325467,0.6885326244871397,0.6858231073324712,0.6890641739751844,0.6894000422614347,0.7024010474633549,0.6750480127864464,0.7037123470025691,0.39872690959582124,0.7163550423340421,0.6809674679080712,0.7243342965593165,0.4850968514081693,0.744343278192542,0.689440563126578,0.7674007404580503,0.5693521876326681,0.801953318049844,0.7177381743519964,0.8167979568161282,0.6032145028803687,0.8806975309772276,0.7231922270977347,0.8647212662298268,0.6540258371268002,1.0,0.740775164394125
pm25_rolling_max_72h,,0.667864080850821,,0.6682318715729694,0.6682318715729694,0.6682318715729694,-0.0009309615315994577,-0.000315931621511601,0.024119416359589824,0.0009549947792031852,-0.2778825554056648,-0.2713294161468249,-0.27169342794608875,0.007057380940869439,-0.0034019374612626677,-0.0032869249857084035,-0.018303899930146385,-0.021239529288547176,0.6796390852735379,0.6902369526770371,0.6965228035973844,0.7051202529252732,0.7182134049989722,0.7468660716365819,0.7167657489945608,0.7008887612172436,0.4865654342014162,0.6927063010263584,0.6949194719331792,0.7273022264730175,0.5929396204306536,0.6993798165612337,0.7250524991233647,0.7767070979997897,0.7109176745270573,0.7023272379760154,0.7849652579154053,0.8356236429779524,0.8009352885366268,0.711792114602766,0.8444045887006236,0.9113565801638907,0.9690358693396846,0.740775164394125,1.0
