model,hour_ahead,day,MAE,RMSE,R2,split
Random Forest,1,Day 1,4.271006972361812,6.248657677231146,0.805542654145175,validation
Random Forest,2,Day 1,5.967506281407034,8.404742983024265,0.648844176274654,validation
Random Forest,3,Day 1,7.349344315326631,10.164430726536335,0.48782610277453287,validation
Random Forest,4,Day 1,8.578499968592965,11.664123645198524,0.3250659438343081,validation
Random Forest,5,Day 1,9.247781061557786,12.478878049128046,0.22782521794431332,validation
Random Forest,6,Day 1,9.779543435929643,12.94717258407206,0.1634353237537597,validation
Random Forest,7,Day 1,10.199260521356775,13.030807946156049,0.15395028403765343,validation
Random Forest,8,Day 1,10.365058919597988,13.215111532431953,0.13138048856381834,validation
Random Forest,9,Day 1,10.682573052763821,13.515698310495546,0.0915281214358622,validation
Random Forest,10,Day 1,10.945925471105529,13.835299614616886,0.04828965328220336,validation
Random Forest,11,Day 1,11.041220006281407,14.010963882897085,0.02520906219168617,validation
Random Forest,12,Day 1,11.20715785175879,14.236023543129345,-0.0037406524645597905,validation
Random Forest,13,Day 1,11.348102198492459,14.42466055298313,-0.02953223174401054,validation
Random Forest,14,Day 1,11.534169566582914,14.715252187952698,-0.07067327011463886,validation
Random Forest,15,Day 1,11.500418938442207,14.786491191120106,-0.0804756639177735,validation
Random Forest,16,Day 1,11.701812531407036,14.91950003758042,-0.09986854155232106,validation
Random Forest,17,Day 1,11.718802659128974,15.054874920335509,-0.12139943409867815,validation
Random Forest,18,Day 1,11.90039904731993,15.265700042931574,-0.1548584574890508,validation
Random Forest,19,Day 1,12.283299298576214,15.499753413843033,-0.1905897760954236,validation
Random Forest,20,Day 1,12.398669566582914,15.757821776179652,-0.22966658310270383,validation
Random Forest,21,Day 1,12.6848704459799,15.891640379673246,-0.24931205156507552,validation
Random Forest,22,Day 1,12.788791048994979,15.894920646059255,-0.25073214344264616,validation
Random Forest,23,Day 1,12.741931312814069,15.784549841192236,-0.2326798886435315,validation
Random Forest,24,Day 1,12.535827135678392,15.726572178449993,-0.22154903384145475,validation
Random Forest,25,Day 2,12.21012126256281,15.549354242129462,-0.1947969436536503,validation
Random Forest,26,Day 2,12.227862845477384,15.98744160951577,-0.2643393754004941,validation
Random Forest,27,Day 2,11.849899623115576,15.823903850155695,-0.2390884447959003,validation
Random Forest,28,Day 2,12.090145194723613,16.326777460096228,-0.31666716062800226,validation
Random Forest,29,Day 2,11.613361400753769,15.92725365085703,-0.2464860201271588,validation
Random Forest,30,Day 2,11.85640003140703,16.27432273444352,-0.2979652649567961,validation
Random Forest,31,Day 2,11.688792451842543,15.763863125461555,-0.21780429412418378,validation
Random Forest,32,Day 2,11.74230629187604,16.02507633433336,-0.25905429479444764,validation
Random Forest,33,Day 2,11.51045208333333,15.640178866026103,-0.1996734977904533,validation
Random Forest,34,Day 2,11.649055517169176,15.620722238591354,-0.19448915756176555,validation
Random Forest,35,Day 2,11.544483333333329,15.445886068004356,-0.16631949370786736,validation
Random Forest,36,Day 2,11.474198052763821,15.62581736062202,-0.19481886930697456,validation
Random Forest,37,Day 2,11.547090399916247,15.682379428870734,-0.20364586159409237,validation
Random Forest,38,Day 2,11.98530958961474,16.011501875538524,-0.2547193297889434,validation
Random Forest,39,Day 2,12.001405255443883,15.963352357526473,-0.2468116042537749,validation
Random Forest,40,Day 2,12.203930967336683,16.152848277906156,-0.27614782041531094,validation
Random Forest,41,Day 2,12.165237363902841,16.048384015889845,-0.26104129209307425,validation
Random Forest,42,Day 2,11.904996691792292,15.876337772176054,-0.23629490742908654,validation
Random Forest,43,Day 2,12.310498513400331,16.187970059858852,-0.28702356683959174,validation
Random Forest,44,Day 2,12.625183511306533,16.413386062738688,-0.3258021023964057,validation
Random Forest,45,Day 2,12.732968645309885,16.369726044049937,-0.3282176430874113,validation
Random Forest,46,Day 2,12.877511777638194,16.31922440792285,-0.32379058656619786,validation
Random Forest,47,Day 2,12.530224853433834,15.964929267255155,-0.27223847105939414,validation
Random Forest,48,Day 2,12.166278915410388,15.724605360497174,-0.23673706610329592,validation
Random Forest,49,Day 3,11.94603027638191,15.649584110718964,-0.22702733082299043,validation
Random Forest,50,Day 3,12.509981815326634,16.40553207033209,-0.35089971454047464,validation
Random Forest,51,Day 3,12.478432286432165,16.00925789180936,-0.2888637446587421,validation
Random Forest,52,Day 3,13.232036358877723,17.051712043548026,-0.46525681545482467,validation
Random Forest,53,Day 3,13.458100565326635,17.169305844536222,-0.49101015970977735,validation
Random Forest,54,Day 3,13.481838672529312,17.1219038463891,-0.49303906024541777,validation
Random Forest,55,Day 3,13.292002491624794,16.908196460810746,-0.4619347987456621,validation
Random Forest,56,Day 3,12.584063525963149,16.102447120922726,-0.33140547199359527,validation
Random Forest,57,Day 3,12.628113170016753,16.532947165108567,-0.41203719356778357,validation
Random Forest,58,Day 3,12.297417525125631,15.791264914179575,-0.292768656444681,validation
Random Forest,59,Day 3,12.310237719849251,16.091037631164486,-0.34391777300134607,validation
Random Forest,60,Day 3,12.747360406197657,16.54553760298218,-0.4224896405895675,validation
Random Forest,61,Day 3,12.824184746649918,16.596990677478743,-0.4316364357187741,validation
Random Forest,62,Day 3,12.697824748743717,16.560799390774577,-0.4255488659486555,validation
Random Forest,63,Day 3,12.692055778894469,16.451982417231466,-0.40708917131628697,validation
Random Forest,64,Day 3,12.614045718174202,16.222277935135573,-0.36854875966251344,validation
Random Forest,65,Day 3,13.171170351758798,16.818070063596668,-0.4722693271015468,validation
Random Forest,66,Day 3,12.972598806532673,16.461273375356093,-0.4132265511312314,validation
Random Forest,67,Day 3,13.638327795226134,17.169271701899888,-0.5411565981380342,validation
Random Forest,68,Day 3,13.840473806532666,17.37620095964157,-0.5870648602187252,validation
Random Forest,69,Day 3,13.682915703517594,17.18112912698431,-0.5589148009359548,validation
Random Forest,70,Day 3,13.475488473618096,16.973021615665417,-0.5302799036907946,validation
Random Forest,71,Day 3,13.479816268844223,17.076016212582235,-0.5621844044901645,validation
Random Forest,72,Day 3,13.043464478643218,16.646700404825395,-0.4950903668515947,validation
XGBoost,1,Day 1,4.865035388649408,6.902999268848118,0.7626842608928568,validation
XGBoost,2,Day 1,6.672197535145822,9.0699864149848,0.5910555919456598,validation
XGBoost,3,Day 1,8.523652275794714,11.214711166597862,0.37651285163377735,validation
XGBoost,4,Day 1,10.006276651602892,13.108601372841585,0.1475482100961223,validation
XGBoost,5,Day 1,10.841421294571767,14.234527683149656,-0.004732974794556588,validation
XGBoost,6,Day 1,11.501768406911111,15.003428958578132,-0.1233903808147403,validation
XGBoost,7,Day 1,11.207205331984476,14.126721954412725,0.005657526661577816,validation
XGBoost,8,Day 1,11.83596354297657,15.14335367547361,-0.14059652952031776,validation
XGBoost,9,Day 1,12.731191726186168,15.875818137720906,-0.25344920927990944,validation
XGBoost,10,Day 1,12.023815516946303,14.710258369124025,-0.07589095167940552,validation
XGBoost,11,Day 1,12.544518557601238,15.490896022338381,-0.19159462006466232,validation
XGBoost,12,Day 1,13.223060295258334,16.35946317385996,-0.3255075800774434,validation
XGBoost,13,Day 1,12.460301459997744,15.782113751769794,-0.23242097859892352,validation
XGBoost,14,Day 1,13.13974884550775,16.58766477306078,-0.3604796235725862,validation
XGBoost,15,Day 1,13.021738571952936,16.477256204236152,-0.3416972230037416,validation
XGBoost,16,Day 1,12.696476853432966,16.078779614711216,-0.2774338081499772,validation
XGBoost,17,Day 1,12.278828375543181,15.737771494399666,-0.22544126313440316,validation
XGBoost,18,Day 1,12.456697214787928,15.60497007440541,-0.2067607888384948,validation
XGBoost,19,Day 1,12.72564225537094,15.870165926538643,-0.2481750745077742,validation
XGBoost,20,Day 1,12.462856221318846,15.932569425602917,-0.25709078171827926,validation
XGBoost,21,Day 1,12.510249638198006,15.894256132414915,-0.2497233571688151,validation
XGBoost,22,Day 1,12.437866602950361,15.700395002261619,-0.22030598357357545,validation
XGBoost,23,Day 1,12.431747621507503,15.789520757195925,-0.23345640911451437,validation
XGBoost,24,Day 1,13.049299865991026,16.314806062914478,-0.3146392387209005,validation
XGBoost,25,Day 2,12.985165055912345,16.89942861306001,-0.4112807880842353,validation
XGBoost,26,Day 2,12.741767108763883,16.85281252145768,-0.40491645696541845,validation
XGBoost,27,Day 2,12.997994202177729,17.463276219023605,-0.5091294105249893,validation
XGBoost,28,Day 2,13.508785948921089,17.86599878131379,-0.5766295333811395,validation
XGBoost,29,Day 2,13.516241833193218,17.915996530589307,-0.5772028689651447,validation
XGBoost,30,Day 2,13.8350153554025,18.540988777376985,-0.6847016611116081,validation
XGBoost,31,Day 2,13.541245541979919,18.259578812913944,-0.6339309589767927,validation
XGBoost,32,Day 2,13.76189250370965,17.841619982531142,-0.5606762258074878,validation
XGBoost,33,Day 2,14.544221255048436,18.52557583050042,-0.6831509478444286,validation
XGBoost,34,Day 2,13.31811588325692,17.223503063240365,-0.4521884063443351,validation
XGBoost,35,Day 2,13.528697706922214,17.371903621871763,-0.4753216064439454,validation
XGBoost,36,Day 2,13.120205951096425,16.8542668904599,-0.3900688728794539,validation
XGBoost,37,Day 2,13.33628840230817,16.960929169001872,-0.4079074061203589,validation
XGBoost,38,Day 2,13.538678386343182,17.35793516300488,-0.47461474145325355,validation
XGBoost,39,Day 2,15.170608402137182,19.080342910769282,-0.7812504496714652,validation
XGBoost,40,Day 2,15.589389572910326,19.6669773378224,-0.8918120619436243,validation
XGBoost,41,Day 2,16.017069213234596,20.291481024734676,-1.0160169737890157,validation
XGBoost,42,Day 2,14.632125008166135,19.35904718364937,-0.8381856731747996,validation
XGBoost,43,Day 2,14.618154726076366,18.92261864006417,-0.7585883350784,validation
XGBoost,44,Day 2,12.955952084124387,16.12445283366015,-0.279535401830318,validation
XGBoost,45,Day 2,13.964498553683411,17.257169492699088,-0.47613321074249826,validation
XGBoost,46,Day 2,15.136531737581569,18.577619864212938,-0.7155382423013377,validation
XGBoost,47,Day 2,14.157262570654327,17.313502407575655,-0.4962507803046514,validation
XGBoost,48,Day 2,14.033230550325097,17.086392027740736,-0.4602210361425827,validation
XGBoost,49,Day 3,14.017924373952585,17.26158151147206,-0.4928281018228342,validation
XGBoost,50,Day 3,14.994379149489669,18.55619159913247,-0.7283041223740325,validation
XGBoost,51,Day 3,15.577774483953888,19.653461840588434,-0.9424181416077824,validation
XGBoost,52,Day 3,15.514715355724547,19.666966553757412,-0.9491826120549873,validation
XGBoost,53,Day 3,16.056010412091588,19.77455464106317,-0.9778281377738489,validation
XGBoost,54,Day 3,15.367489688719937,19.004463531375507,-0.8394089331057031,validation
XGBoost,55,Day 3,15.269945022448823,19.0069311320973,-0.8473850950949289,validation
XGBoost,56,Day 3,14.267171537217182,18.205314709763435,-0.7018565714747518,validation
XGBoost,57,Day 3,13.835032283840466,17.353163531199705,-0.5556177845363777,validation
XGBoost,58,Day 3,13.931704813990763,17.54185224513768,-0.5952834972933951,validation
XGBoost,59,Day 3,15.135248455450164,18.98211494615853,-0.8702247253571593,validation
XGBoost,60,Day 3,15.521722668019972,19.380713850543653,-0.951762121065145,validation
XGBoost,61,Day 3,16.454980968350743,20.1157671055549,-1.1030385827794023,validation
XGBoost,62,Day 3,14.85859951996923,18.885672643416992,-0.8538920038182041,validation
XGBoost,63,Day 3,15.24595400412478,19.14701704001766,-0.9058442008340932,validation
XGBoost,64,Day 3,15.25022829789013,18.967786846920525,-0.8709833416455264,validation
XGBoost,65,Day 3,14.81438019862726,18.571107381778482,-0.7951905430378736,validation
XGBoost,66,Day 3,14.984201954117973,19.068310957132276,-0.8963102154010862,validation
XGBoost,67,Day 3,15.896100566375194,20.150126549943064,-1.1227486790104746,validation
XGBoost,68,Day 3,15.198345960204923,19.23520513728931,-0.9448166284799187,validation
XGBoost,69,Day 3,15.923683931839527,19.894201062646744,-1.0901236649242385,validation
XGBoost,70,Day 3,15.866796163817744,19.585248975808895,-1.0375615658934265,validation
XGBoost,71,Day 3,14.620872314970697,18.369872815059484,-0.8078878240346317,validation
XGBoost,72,Day 3,15.085202865265122,19.207524692639385,-0.9904621180986837,validation
LSTM,1,Day 1,11.180334091186523,13.860293730999004,0.04325610399246216,validation
LSTM,2,Day 1,11.589255332946777,14.301635883367668,-0.0167694091796875,validation
LSTM,3,Day 1,12.795392036437988,15.665366314970951,-0.21655702590942383,validation
LSTM,4,Day 1,11.064638137817383,13.506716152551142,0.09498322010040283,validation
LSTM,5,Day 1,12.533621788024902,15.225357908354733,-0.1494748592376709,validation
LSTM,6,Day 1,12.254669189453125,14.824515189723796,-0.09675765037536621,validation
LSTM,7,Day 1,11.986722946166992,14.906904610069487,-0.10720527172088623,validation
LSTM,8,Day 1,13.358481407165527,16.352385535306844,-0.3299955129623413,validation
LSTM,9,Day 1,12.777082443237305,15.736631502482412,-0.23156702518463135,validation
LSTM,10,Day 1,12.242218971252441,15.282516583022298,-0.16122782230377197,validation
LSTM,11,Day 1,13.325357437133789,16.529264449816065,-0.35669589042663574,validation
LSTM,12,Day 1,12.540634155273438,15.74624928213313,-0.22800016403198242,validation
LSTM,13,Day 1,12.797126770019531,16.12518641637642,-0.28658413887023926,validation
LSTM,14,Day 1,12.717093467712402,15.98830415494328,-0.2639394998550415,validation
LSTM,15,Day 1,12.758583068847656,15.888495048378363,-0.24752795696258545,validation
LSTM,16,Day 1,12.877801895141602,16.637582248223637,-0.36776864528656006,validation
LSTM,17,Day 1,12.966882705688477,16.22387943483357,-0.30231332778930664,validation
LSTM,18,Day 1,12.9386568069458,16.813680727881703,-0.40094447135925293,validation
LSTM,19,Day 1,12.717204093933105,15.866940833108542,-0.24766790866851807,validation
LSTM,20,Day 1,12.255979537963867,15.39297402362494,-0.1733837127685547,validation
LSTM,21,Day 1,12.373539924621582,16.493306044790092,-0.3457019329071045,validation
LSTM,22,Day 1,11.982853889465332,15.651722754089993,-0.21275150775909424,validation
LSTM,23,Day 1,11.500886917114258,15.265431085641465,-0.15293312072753906,validation
LSTM,24,Day 1,11.41765022277832,14.91125839193509,-0.0981745719909668,validation
LSTM,25,Day 2,11.643311500549316,15.541797518072787,-0.1936359405517578,validation
LSTM,26,Day 2,11.741181373596191,15.65738343420954,-0.21267402172088623,validation
LSTM,27,Day 2,11.552146911621094,15.418359666946934,-0.1763901710510254,validation
LSTM,28,Day 2,11.252360343933105,15.142524592200292,-0.13258707523345947,validation
LSTM,29,Day 2,12.144619941711426,16.32749886658337,-0.3099205493927002,validation
LSTM,30,Day 2,12.744312286376953,17.07841716212811,-0.4293956756591797,validation
LSTM,31,Day 2,11.412952423095703,15.18028156808457,-0.12930655479431152,validation
LSTM,32,Day 2,11.077031135559082,14.95695779722105,-0.09680831432342529,validation
LSTM,33,Day 2,10.237671852111816,13.697139602879911,0.07989084720611572,validation
LSTM,34,Day 2,11.653470039367676,15.507042054224408,-0.17716658115386963,validation
LSTM,35,Day 2,11.562885284423828,15.182117403141547,-0.126825213432312,validation
LSTM,36,Day 2,11.551990509033203,15.365815187200043,-0.15538787841796875,validation
LSTM,37,Day 2,11.654679298400879,15.317316286564571,-0.14825975894927979,validation
LSTM,38,Day 2,10.81921100616455,14.26022132905081,0.004743456840515137,validation
LSTM,39,Day 2,10.784963607788086,14.021135452590237,0.0381242036819458,validation
LSTM,40,Day 2,10.69421672821045,14.173323619285357,0.017469346523284912,validation
LSTM,41,Day 2,10.46789836883545,13.654109551398859,0.08716261386871338,validation
LSTM,42,Day 2,11.501952171325684,14.769438268353177,-0.06991517543792725,validation
LSTM,43,Day 2,12.09298324584961,15.605433549709987,-0.19606125354766846,validation
LSTM,44,Day 2,11.18589973449707,14.408349668200477,-0.02167034149169922,validation
LSTM,45,Day 2,10.586956024169922,13.659177697649906,0.07522618770599365,validation
LSTM,46,Day 2,10.429256439208984,13.72798475041465,0.06322813034057617,validation
LSTM,47,Day 2,10.696674346923828,13.955236533609323,0.02790457010269165,validation
LSTM,48,Day 2,11.139341354370117,14.667159390120341,-0.07599413394927979,validation
LSTM,49,Day 3,10.679937362670898,14.110478591426357,0.002455770969390869,validation
LSTM,50,Day 3,11.677557945251465,15.129074682770124,-0.14886021614074707,validation
LSTM,51,Day 3,11.31424331665039,14.697159078725099,-0.08625411987304688,validation
LSTM,52,Day 3,11.734430313110352,15.118834192452379,-0.15189898014068604,validation
LSTM,53,Day 3,11.676345825195312,15.201312781412016,-0.16879212856292725,validation
LSTM,54,Day 3,11.102394104003906,14.316114210868562,-0.04380011558532715,validation
LSTM,55,Day 3,11.943809509277344,15.630377004497824,-0.24931609630584717,validation
LSTM,56,Day 3,11.117406845092773,14.496604258728308,-0.0790938138961792,validation
LSTM,57,Day 3,11.25210189819336,14.961018582515269,-0.15629291534423828,validation
LSTM,58,Day 3,10.764208793640137,14.263420878979153,-0.05471312999725342,validation
LSTM,59,Day 3,11.214448928833008,14.646937423192135,-0.11352062225341797,validation
LSTM,60,Day 3,11.357376098632812,15.241048718511435,-0.20702719688415527,validation
LSTM,61,Day 3,11.179332733154297,14.85489199429297,-0.1468667984008789,validation
LSTM,62,Day 3,12.153121948242188,15.810791888350145,-0.2993518114089966,validation
LSTM,63,Day 3,13.165781021118164,17.24442190013692,-0.5459034442901611,validation
LSTM,64,Day 3,11.493431091308594,15.489561934756711,-0.24771332740783691,validation
LSTM,65,Day 3,11.636054039001465,15.188538315683711,-0.20078957080841064,validation
LSTM,66,Day 3,12.870006561279297,16.87061213207563,-0.4843851327896118,validation
LSTM,67,Day 3,13.026599884033203,17.14500873324043,-0.5368039608001709,validation
LSTM,68,Day 3,12.074103355407715,16.22701104489585,-0.3840829133987427,validation
LSTM,69,Day 3,12.65644645690918,16.586926452793797,-0.45295047760009766,validation
LSTM,70,Day 3,12.128229141235352,16.150364052652286,-0.3855339288711548,validation
LSTM,71,Day 3,13.064534187316895,17.13766122821451,-0.5734840631484985,validation
LSTM,72,Day 3,11.81950569152832,16.04873958403987,-0.38961005210876465,validation
Random Forest,1,Day 1,4.430797532537959,6.188611231295048,0.7897708755508587,test
Random Forest,2,Day 1,6.671589777657263,8.92783941590604,0.5614272158770277,test
Random Forest,3,Day 1,8.252125054229934,10.706862464888378,0.36755098622041293,test
Random Forest,4,Day 1,9.297492001084596,11.971116882810128,0.2072727500024103,test
Random Forest,5,Day 1,9.894262228850323,12.586228917876193,0.12109302812882372,test
Random Forest,6,Day 1,10.036210900216918,12.74618919480384,0.09622718307361722,test
Random Forest,7,Day 1,9.877423291757049,12.53349727978336,0.1238579423943128,test
Random Forest,8,Day 1,9.777709300433838,12.501023382349178,0.12757590563278676,test
Random Forest,9,Day 1,9.513803660520603,12.273644368431297,0.16076015543565325,test
Random Forest,10,Day 1,9.423218817787417,12.242832191684094,0.1640048033093252,test
Random Forest,11,Day 1,9.558355260303687,12.508020868523525,0.12621674906055325,test
Random Forest,12,Day 1,9.633930694143167,13.053845595020423,0.04806628066834806,test
Random Forest,13,Day 1,9.460590618221257,12.88543405287357,0.0732788707341494,test
Random Forest,14,Day 1,9.613639669197394,13.261141251055646,0.019731452389492476,test
Random Forest,15,Day 1,9.822662879609544,13.535927799976443,-0.021114349178733338,test
Random Forest,16,Day 1,9.897763864786697,13.569154466844237,-0.02630776693289283,test
Random Forest,17,Day 1,9.88347537057122,13.531048702055514,-0.020692673817202634,test
Random Forest,18,Day 1,10.232582293926248,13.91881677873801,-0.08016516509358884,test
Random Forest,19,Day 1,10.191932483731023,13.947928622800138,-0.08445615437870191,test
Random Forest,20,Day 1,10.12918104663774,13.911140872924717,-0.07993974471435483,test
Random Forest,21,Day 1,10.24014454989154,14.06912130738989,-0.10848047730549082,test
Random Forest,22,Day 1,10.314074322125812,13.928200842094764,-0.09001651853990333,test
Random Forest,23,Day 1,10.356895526030367,13.829570929648153,-0.08042261185928123,test
Random Forest,24,Day 1,10.525845553145333,13.874066582281037,-0.09294667251363964,test
Random Forest,25,Day 2,10.437915862255963,13.83331821201878,-0.08937964218684158,test
Random Forest,26,Day 2,10.56866290672451,14.079228333210695,-0.13053184551405472,test
Random Forest,27,Day 2,10.80874059110629,14.425634856464729,-0.1887241873710228,test
Random Forest,28,Day 2,11.264890780911065,14.887752490347484,-0.26639955644544067,test
Random Forest,29,Day 2,11.590888015184383,15.088987821918408,-0.2984185833648907,test
Random Forest,30,Day 2,11.716261306941435,15.394740617212154,-0.35401204635797456,test
Random Forest,31,Day 2,11.43191670281996,15.11910798210202,-0.307936619037408,test
Random Forest,32,Day 2,11.536167886840202,15.45679479662851,-0.36306929729081205,test
Random Forest,33,Day 2,11.049817272234277,14.7275082674384,-0.23742488575210619,test
Random Forest,34,Day 2,11.27981166847433,14.930636676496041,-0.26665190112712667,test
Random Forest,35,Day 2,11.456584273318871,15.121089441581505,-0.2964182730825904,test
Random Forest,36,Day 2,11.66114417932032,15.423955449881978,-0.34797766168938304,test
Random Forest,37,Day 2,11.838101834779463,15.370867868823538,-0.3381086137904312,test
Random Forest,38,Day 2,11.866081417208967,15.36029790470674,-0.33289959686143633,test
Random Forest,39,Day 2,12.102345851409977,15.503856526627349,-0.35303132115165425,test
Random Forest,40,Day 2,11.976625822487348,15.202224717139247,-0.29740013290459943,test
Random Forest,41,Day 2,11.789705287418654,14.868151164220048,-0.2382429790149032,test
Random Forest,42,Day 2,11.966565934562542,15.140284986895107,-0.27771808357328975,test
Random Forest,43,Day 2,11.77862093275488,15.114472269859043,-0.267220367317371,test
Random Forest,44,Day 2,12.173687346348519,15.737248530539151,-0.3695205349110595,test
Random Forest,45,Day 2,12.204584833694863,15.868137920601784,-0.38603590257432807,test
Random Forest,46,Day 2,12.711190247650032,16.593677986972118,-0.5105831508452467,test
Random Forest,47,Day 2,12.672536605206073,16.69143439693959,-0.526341361450837,test
Random Forest,48,Day 2,12.714910629067244,16.82578664242804,-0.5494070126299324,test
Random Forest,49,Day 3,12.44437530730296,16.35958717927956,-0.4680728822392777,test
Random Forest,50,Day 3,12.362819378163412,16.39770606463276,-0.4743264336211648,test
Random Forest,51,Day 3,12.863889542660884,16.747337370088616,-0.5390722417043001,test
Random Forest,52,Day 3,13.182006805856833,17.162806195025,-0.6271598481645453,test
Random Forest,53,Day 3,13.221551355748376,17.113888294127232,-0.6281931703068679,test
Random Forest,54,Day 3,12.954846773318872,16.583606094780862,-0.5391764473524221,test
Random Forest,55,Day 3,13.109849358279103,16.762050851761078,-0.5810068923534706,test
Random Forest,56,Day 3,12.786752133044109,16.6511278782338,-0.5638795515122594,test
Random Forest,57,Day 3,13.038989072668118,16.957196282087885,-0.6239504943075602,test
Random Forest,58,Day 3,13.030139768618948,17.021350422671606,-0.6335102812084403,test
Random Forest,59,Day 3,12.89047084237166,16.880497312275107,-0.6087204796570258,test
Random Forest,60,Day 3,13.258201753434559,17.30765917633846,-0.7043971161183551,test
Random Forest,61,Day 3,13.162148463485174,17.179543525670542,-0.6827802770095954,test
Random Forest,62,Day 3,12.64195607375271,16.28309400537957,-0.5158179907096374,test
Random Forest,63,Day 3,12.632781778741862,16.391701771298575,-0.5447856974429943,test
Random Forest,64,Day 3,12.567247514461316,16.15968388104639,-0.5118483200858932,test
Random Forest,65,Day 3,12.699205260303685,16.442840745630427,-0.5784473795280725,test
Random Forest,66,Day 3,12.444565817064351,16.331646003383817,-0.5701351859928194,test
Random Forest,67,Day 3,12.517318953362256,16.399861054370355,-0.5974910150320207,test
Random Forest,68,Day 3,12.33271914316703,16.473665912644076,-0.6271873271038786,test
Random Forest,69,Day 3,12.059782809110628,16.02519742576451,-0.5508446849535733,test
Random Forest,70,Day 3,11.9376625,15.805193372108123,-0.5152935399815266,test
Random Forest,71,Day 3,11.642137228850327,15.567880632406283,-0.476823600871809,test
Random Forest,72,Day 3,11.671287201735359,15.320832698843578,-0.4415631354756373,test
XGBoost,1,Day 1,4.6835589853646695,6.419771258824108,0.7737724003678297,test
XGBoost,2,Day 1,7.384997544319665,9.715099660908647,0.48066994404176067,test
XGBoost,3,Day 1,9.145290906827517,11.655234101888185,0.2505492928560217,test
XGBoost,4,Day 1,10.38085104431351,13.186810822524766,0.038090981082615105,test
XGBoost,5,Day 1,10.883509517802075,13.825581353305584,-0.060519017433595224,test
XGBoost,6,Day 1,10.792688196393259,13.690716308213469,-0.04267964731987339,test
XGBoost,7,Day 1,10.817602427766017,13.57639308874555,-0.028013443681130568,test
XGBoost,8,Day 1,10.914071733884336,13.839180567145387,-0.06919585878084389,test
XGBoost,9,Day 1,10.381452457196284,12.941415105977704,0.06695506538746765,test
XGBoost,10,Day 1,10.587680395461474,13.56444237714207,-0.026228043871700413,test
XGBoost,11,Day 1,10.237823850420705,13.228771645989578,0.022615244558592762,test
XGBoost,12,Day 1,10.947025396094663,14.76275070022455,-0.21748701926347702,test
XGBoost,13,Day 1,10.632419066729103,14.420312940799247,-0.16064747374421184,test
XGBoost,14,Day 1,11.089405192625499,14.745893035447626,-0.21206364457221327,test
XGBoost,15,Day 1,10.913648020316103,14.511942505449133,-0.17367922942800185,test
XGBoost,16,Day 1,10.529536210016676,14.208052903296505,-0.12522966691487025,test
XGBoost,17,Day 1,9.882909964273912,13.576634082170893,-0.02758157664120109,test
XGBoost,18,Day 1,9.945748452871324,13.314283297888199,0.01162644160421955,test
XGBoost,19,Day 1,9.669961606602865,12.964681747537405,0.06305027965325305,test
XGBoost,20,Day 1,10.016312796123115,13.654464235046033,-0.04045513042831406,test
XGBoost,21,Day 1,10.303153485072668,14.171251191050908,-0.12463214453249227,test
XGBoost,22,Day 1,10.197431443932256,13.882445555856295,-0.08286669377099631,test
XGBoost,23,Day 1,10.039452482252472,13.324407815001239,-0.0029333794903556587,test
XGBoost,24,Day 1,10.50261981782065,13.435416642687398,-0.02492881007769321,test
XGBoost,25,Day 2,10.484905387729471,13.501087316755862,-0.03768135314330201,test
XGBoost,26,Day 2,10.641854823437274,13.795175815925464,-0.0853744037290336,test
XGBoost,27,Day 2,11.235098491056362,14.229869786831863,-0.15667961401908337,test
XGBoost,28,Day 2,11.121987102450621,14.07921706951111,-0.13258154152936052,test
XGBoost,29,Day 2,10.977961486228894,13.68075154857973,-0.0673685897708316,test
XGBoost,30,Day 2,11.570859070817201,14.161452429929644,-0.14575924960756503,test
XGBoost,31,Day 2,11.28343988406167,13.975216453079328,-0.11751007626644272,test
XGBoost,32,Day 2,11.718263861103845,14.494268919602982,-0.19859284942861288,test
XGBoost,33,Day 2,11.388972181042984,14.085162137969316,-0.13183728580912413,test
XGBoost,34,Day 2,11.206879588890489,14.10283943964791,-0.13009186187378186,test
XGBoost,35,Day 2,11.74389421955365,14.783715523308334,-0.23921360649385903,test
XGBoost,36,Day 2,11.668225887488905,14.862325560803377,-0.25159757096296675,test
XGBoost,37,Day 2,11.748813914218333,14.806841498275272,-0.24170789570444295,test
XGBoost,38,Day 2,11.87338547282519,14.953965794849479,-0.26331288322159363,test
XGBoost,39,Day 2,11.796365064757508,14.683714768872777,-0.21366896919133893,test
XGBoost,40,Day 2,12.007520966519504,14.63340645029126,-0.20212744749153688,test
XGBoost,41,Day 2,11.828628365026377,14.178982019555725,-0.126113181108366,test
XGBoost,42,Day 2,11.328482355626699,14.222318175431804,-0.12747707966746358,test
XGBoost,43,Day 2,12.25999378237445,14.85323796157107,-0.22379435594465602,test
XGBoost,44,Day 2,11.80781583061963,14.587574072418125,-0.17673071684627084,test
XGBoost,45,Day 2,12.877328792414799,16.380125278292102,-0.4769200450420523,test
XGBoost,46,Day 2,13.903924397532695,17.62696888956883,-0.7045690404196427,test
XGBoost,47,Day 2,14.266011886431182,18.788226337036523,-0.9339084905484158,test
XGBoost,48,Day 2,12.776352310180663,16.05051133731841,-0.4099136251910753,test
XGBoost,49,Day 3,13.05083733266967,16.541828600108982,-0.5009629383899654,test
XGBoost,50,Day 3,12.749839214233926,15.866833111678432,-0.38040958234656386,test
XGBoost,51,Day 3,12.830374405337517,16.767495428776307,-0.5427795032765572,test
XGBoost,52,Day 3,13.472548989773832,17.33751946979947,-0.6604566652959085,test
XGBoost,53,Day 3,12.590456258397298,15.894922972726516,-0.40451181895290533,test
XGBoost,54,Day 3,12.338790050763112,15.04702911509926,-0.2671615446624629,test
XGBoost,55,Day 3,12.572521332598042,15.376749394385621,-0.3304805447195074,test
XGBoost,56,Day 3,12.347245816708645,15.177702805661152,-0.299355766372023,test
XGBoost,57,Day 3,11.740979280285618,14.640388845780917,-0.2105142732877585,test
XGBoost,58,Day 3,12.02537800960582,15.618423130809266,-0.37533411485023427,test
XGBoost,59,Day 3,13.179430516422958,16.95155313118237,-0.6222922994678468,test
XGBoost,60,Day 3,13.022115109127153,16.717043531641625,-0.5900583746161929,test
XGBoost,61,Day 3,13.124679788850134,16.905591795282426,-0.6295396399410427,test
XGBoost,62,Day 3,12.613587389799106,15.953173224860969,-0.45501462563997075,test
XGBoost,63,Day 3,13.089856791134254,16.729645200277705,-0.60913919398264,test
XGBoost,64,Day 3,12.24968894081364,15.390792976152055,-0.3714010987139995,test
XGBoost,65,Day 3,12.599109965343022,16.106315973944657,-0.5144984635374592,test
XGBoost,66,Day 3,12.753835166716005,16.393650341872632,-0.5820800936562069,test
XGBoost,67,Day 3,12.4625880673754,16.479193776481992,-0.6129838097991582,test
XGBoost,68,Day 3,12.706004890392245,16.72857406189076,-0.6779340671766778,test
XGBoost,69,Day 3,12.510753521950281,16.126612366589058,-0.5705357358300194,test
XGBoost,70,Day 3,12.674859578593951,16.1269412912374,-0.5776154626790626,test
XGBoost,71,Day 3,12.5696599451425,15.997056312499112,-0.5593721925415953,test
XGBoost,72,Day 3,12.215197665779296,15.722957129501031,-0.518229367812939,test
LSTM,1,Day 1,9.436115264892578,11.78280669838075,0.23791402578353882,test
LSTM,2,Day 1,9.980030059814453,12.449924110273223,0.14713096618652344,test
LSTM,3,Day 1,10.97665023803711,13.400914266341237,0.009236574172973633,test
LSTM,4,Day 1,8.817977905273438,11.335405122965735,0.2892308831214905,test
LSTM,5,Day 1,10.236810684204102,12.635778075498248,0.11415928602218628,test
LSTM,6,Day 1,9.902143478393555,12.338605286657073,0.15310269594192505,test
LSTM,7,Day 1,9.471226692199707,12.302555618889084,0.15584802627563477,test
LSTM,8,Day 1,10.938114166259766,13.299769372302864,0.012528181076049805,test
LSTM,9,Day 1,10.502009391784668,13.000770546011458,0.05837666988372803,test
LSTM,10,Day 1,10.267631530761719,12.631780937319864,0.11004269123077393,test
LSTM,11,Day 1,10.61286735534668,13.402293085921436,-0.003193497657775879,test
LSTM,12,Day 1,10.8164701461792,13.320899570090802,0.008718788623809814,test
LSTM,13,Day 1,10.57281494140625,12.9018328407019,0.07091856002807617,test
LSTM,14,Day 1,10.32093334197998,13.152715575194087,0.035695672035217285,test
LSTM,15,Day 1,10.471433639526367,13.106511345451066,0.04264599084854126,test
LSTM,16,Day 1,11.10399055480957,13.765091261112577,-0.05616116523742676,test
LSTM,17,Day 1,10.320504188537598,13.320714001463624,0.010793209075927734,test
LSTM,18,Day 1,11.680724143981934,14.203592861346683,-0.1248173713684082,test
LSTM,19,Day 1,11.58633041381836,14.719095213905494,-0.2076880931854248,test
LSTM,20,Day 1,10.794610023498535,13.645951986403674,-0.03915822505950928,test
LSTM,21,Day 1,11.351245880126953,13.852597408286098,-0.0746239423751831,test
LSTM,22,Day 1,11.758201599121094,14.564579238130742,-0.19189751148223877,test
LSTM,23,Day 1,11.021844863891602,13.598610055243526,-0.04463672637939453,test
LSTM,24,Day 1,11.269743919372559,14.115218024629039,-0.1312708854675293,test
LSTM,25,Day 2,11.468332290649414,14.470426721825405,-0.19203555583953857,test
LSTM,26,Day 2,12.281599998474121,14.88263820435997,-0.26323747634887695,test
LSTM,27,Day 2,11.831589698791504,14.368236244179544,-0.17928338050842285,test
LSTM,28,Day 2,12.125923156738281,15.181211825967083,-0.31681668758392334,test
LSTM,29,Day 2,12.982844352722168,15.682149392551791,-0.40250909328460693,test
LSTM,30,Day 2,13.875147819519043,16.58001450854358,-0.5705349445343018,test
LSTM,31,Day 2,12.761246681213379,15.513643228484504,-0.3770887851715088,test
LSTM,32,Day 2,12.597338676452637,15.33887934245595,-0.34235167503356934,test
LSTM,33,Day 2,11.576452255249023,14.749108756343391,-0.24105727672576904,test
LSTM,34,Day 2,13.300924301147461,16.361658150134875,-0.5210914611816406,test
LSTM,35,Day 2,12.901641845703125,15.733276692520171,-0.40351593494415283,test
LSTM,36,Day 2,12.97913932800293,15.857056095862932,-0.42474234104156494,test
LSTM,37,Day 2,12.77640151977539,15.70750774504176,-0.3973628282546997,test
LSTM,38,Day 2,11.645816802978516,14.797500935480521,-0.2370150089263916,test
LSTM,39,Day 2,12.830830574035645,16.24527894912136,-0.4855344295501709,test
LSTM,40,Day 2,12.168272018432617,15.17511209512501,-0.29277634620666504,test
LSTM,41,Day 2,12.166888236999512,15.268453470693053,-0.3058161735534668,test
LSTM,42,Day 2,12.400223731994629,15.358956254623727,-0.3148927688598633,test
LSTM,43,Day 2,13.187167167663574,16.374221899750403,-0.4872622489929199,test
LSTM,44,Day 2,11.922133445739746,15.283723159083838,-0.29172253608703613,test
LSTM,45,Day 2,12.495803833007812,15.624531242968539,-0.34380578994750977,test
LSTM,46,Day 2,13.226454734802246,16.74534063868122,-0.5383219718933105,test
LSTM,47,Day 2,12.662924766540527,16.56857660491361,-0.5039545297622681,test
LSTM,48,Day 2,12.867754936218262,16.015934638775086,-0.40384554862976074,test
LSTM,49,Day 3,13.465715408325195,16.780593489835027,-0.5446056127548218,test
LSTM,50,Day 3,12.943984985351562,16.31079653910974,-0.4587395191192627,test
LSTM,51,Day 3,13.216561317443848,16.50167930611533,-0.4942518472671509,test
LSTM,52,Day 3,13.061714172363281,16.07291677214976,-0.42706263065338135,test
LSTM,53,Day 3,13.22004222869873,16.383219512409546,-0.4921313524246216,test
LSTM,54,Day 3,12.238020896911621,15.280885532143888,-0.30685532093048096,test
LSTM,55,Day 3,13.561631202697754,16.33469982010354,-0.5014187097549438,test
LSTM,56,Day 3,12.886515617370605,16.18106434267285,-0.476828932762146,test
LSTM,57,Day 3,12.885549545288086,15.833183903574607,-0.4157979488372803,test
LSTM,58,Day 3,12.70858097076416,15.639105937408454,-0.378978967666626,test
LSTM,59,Day 3,12.832235336303711,15.884360129653182,-0.4244575500488281,test
LSTM,60,Day 3,13.355619430541992,16.192926741785865,-0.49191784858703613,test
LSTM,61,Day 3,13.02556324005127,16.161867563334553,-0.4893174171447754,test
LSTM,62,Day 3,13.124462127685547,15.774801919845192,-0.42265963554382324,test
LSTM,63,Day 3,14.5584135055542,17.369137001187354,-0.7345093488693237,test
LSTM,64,Day 3,12.635010719299316,15.892404222234301,-0.4622502326965332,test
LSTM,65,Day 3,12.376527786254883,15.161016788253713,-0.34193992614746094,test
LSTM,66,Day 3,13.810684204101562,17.190481808108867,-0.7396153211593628,test
LSTM,67,Day 3,14.115138053894043,17.534971335207892,-0.8262836933135986,test
LSTM,68,Day 3,13.103528022766113,16.351053914391212,-0.6030555963516235,test
LSTM,69,Day 3,13.323436737060547,16.224061893563274,-0.589573860168457,test
LSTM,70,Day 3,12.455601692199707,15.250641355942317,-0.4108257293701172,test
LSTM,71,Day 3,13.36408805847168,16.359529831526142,-0.6308398246765137,test
LSTM,72,Day 3,13.48391342163086,16.612892273691106,-0.6949599981307983,test
